{
  "testName": "baseline-v1_2",
  "timestamp": "2025-11-18T12:47:45.437Z",
  "testConfig": {
    "entityCount": 1000000,
    "logsPerEntity": 1
  },
  "metrics": {
    "searchLatency": {
      "avg": 70.13496171284054,
      "p50": 76.4054054054054,
      "p95": 102.96774193548387,
      "p99": 109.32,
      "max": 116.9
    },
    "intakeLatency": {
      "avg": 135.4417679071163,
      "p50": 130.69230769230768,
      "p95": 166.6,
      "p99": 180.93333333333334,
      "max": 228.69230769230768
    },
    "processingLatency": {
      "avg": 11.797263951911342,
      "p50": 13.105263157894736,
      "p95": 16.096774193548388,
      "p99": 17.64,
      "max": 17.939393939393938
    },
    "cpu": {
      "avg": 8.973199329983249,
      "peak": 51,
      "avgPerNode": {
        "instance-0000000001": 10.738693467336683,
        "tiebreaker-0000000002": 0.06532663316582915,
        "instance-0000000000": 16.115577889447238
      }
    },
    "memory": {
      "avgHeapPercent": 61.130653266331656,
      "peakHeapPercent": 88,
      "avgHeapBytes": 416881380.2211055,
      "peakHeapBytes": 785468296
    },
    "throughput": {
      "avgDocumentsPerSecond": 1767.1109351854002,
      "peakDocumentsPerSecond": 799743.9203810497
    },
    "indexEfficiency": {
      "avgRatio": 1,
      "totalDocumentsIndexed": 1750000,
      "totalDocumentsProcessed": 1750000
    },
    "pagesProcessed": {
      "total": 10524,
      "avgPerSample": 13.287878787878787
    },
    "triggerCount": {
      "total": 49,
      "avgPerTransform": 0.06186868686868687
    },
    "exponentialAverages": {
      "checkpointDuration": 136120.1652892562,
      "documentsIndexed": 162152.9917355372,
      "documentsProcessed": 162152.9917355372
    },
    "perEntityType": {
      "host": {
        "searchLatency": {
          "avg": 38.82153770758912,
          "p50": 38.06382978723404,
          "p95": 45.391304347826086,
          "p99": 53.292682926829265,
          "max": 53.292682926829265
        },
        "intakeLatency": {
          "avg": 160.08610449735448,
          "p50": 156.55555555555554,
          "p95": 178.25,
          "p99": 180.93333333333334,
          "max": 180.93333333333334
        },
        "processingLatency": {
          "avg": 7.821728169159224,
          "p50": 8.01923076923077,
          "p95": 8.755102040816327,
          "p99": 9.121951219512194,
          "max": 9.121951219512194
        },
        "documentsProcessed": 250000,
        "documentsIndexed": 250000,
        "pagesProcessed": 1506,
        "triggerCount": 15
      },
      "user": {
        "searchLatency": {
          "avg": 50.01367466435152,
          "p50": 50.48888888888889,
          "p95": 61.51724137931034,
          "p99": 61.55,
          "max": 61.55
        },
        "intakeLatency": {
          "avg": 157.42910611373182,
          "p50": 154.92307692307693,
          "p95": 172.66666666666666,
          "p99": 228.69230769230768,
          "max": 228.69230769230768
        },
        "processingLatency": {
          "avg": 7.140310891354807,
          "p50": 6.955555555555556,
          "p95": 8.571428571428571,
          "p99": 9.581395348837209,
          "max": 9.581395348837209
        },
        "documentsProcessed": 250000,
        "documentsIndexed": 250000,
        "pagesProcessed": 1506,
        "triggerCount": 15
      },
      "service": {
        "searchLatency": {
          "avg": 42.66016284740493,
          "p50": 39.34615384615385,
          "p95": 60.48837209302326,
          "p99": 66.27586206896552,
          "max": 66.27586206896552
        },
        "intakeLatency": {
          "avg": 149.4473364356375,
          "p50": 148.10526315789474,
          "p95": 161,
          "p99": 185.26666666666668,
          "max": 185.26666666666668
        },
        "processingLatency": {
          "avg": 7.930144555622194,
          "p50": 7.882352941176471,
          "p95": 10.169811320754716,
          "p99": 11.294117647058824,
          "max": 11.294117647058824
        },
        "documentsProcessed": 250000,
        "documentsIndexed": 250000,
        "pagesProcessed": 1506,
        "triggerCount": 15
      },
      "generic": {
        "searchLatency": {
          "avg": 85.04104093346032,
          "p50": 83.36111111111111,
          "p95": 106.33333333333333,
          "p99": 110.17857142857143,
          "max": 116.9
        },
        "intakeLatency": {
          "avg": 123.87686413790706,
          "p50": 123.91666666666667,
          "p95": 142.6,
          "p99": 144.9,
          "max": 163.5
        },
        "processingLatency": {
          "avg": 14.181533563708348,
          "p50": 14.057142857142857,
          "p95": 16.3125,
          "p99": 17.9,
          "max": 17.939393939393938
        },
        "documentsProcessed": 1000000,
        "documentsIndexed": 1000000,
        "pagesProcessed": 6006,
        "triggerCount": 4
      }
    },
    "transformStates": {
      "indexing": 263,
      "started": 533
    },
    "errors": {
      "searchFailures": 0,
      "indexFailures": 0,
      "totalFailures": 0
    },
    "clusterHealth": {
      "status": "green",
      "avgActiveShards": 183.7286432160804,
      "unassignedShards": 0
    }
  }
}